topic_id,trend_label,n_periods,start_frequency,end_frequency,slope,relative_slope,keywords_top10
0,declining,9,27.0,2.0,-3.3666666666666645,-0.1858895705521471,"web, waterfall, purbalingga, pengelolaan, desa, penjualan, mysql, umkm, dibangun, transaksi"
6,emerging,4,2.0,8.0,2.3,0.4842105263157894,"produk, clustering, penjualan, area, segmentasi, confidence, rekomendasi, goreng, pasar, moora"
7,emerging,4,1.0,2.0,1.4,0.27999999999999997,"performa, laravel, throughput, native, blade, react, stabil, flutter, vue, load"
2,emerging,8,1.0,7.0,1.7857142857142854,0.2551020408163265,"klasifikasi, risiko, penyakit, precision, performa, klasterisasi, arsitektur, vector, leakage, clustering"
3,emerging,7,2.0,3.0,0.8214285714285714,0.22115384615384615,"rekomendasi, precision, objek, bengkel, filtering, recall, uat, karies, film, stack"
8,emerging,7,1.0,1.0,0.46428571428571425,0.203125,"kerentanan, latency, supabase, postgresql, server, anomali, pemuatan, sql, firebase, throughput"
4,emerging,7,1.0,1.0,0.6071428571428572,0.16346153846153846,"sentimen, ulasan, pemain, naïve, classifier, stemming, dataset, recall, recognition, idf"
1,stable,9,18.0,7.0,0.5000000000000001,0.03515625000000001,"pengelolaan, unsoed, kinerja, audit, kriteria, karyawan, dibangun, monitoring, tahap, seleksi"
5,stable,4,2.0,3.0,0.10000000000000109,0.021052631578947597,"edukasi, pembelajaran, materi, development, permainan, unity, asesmen, menarik, menyenangkan, post"
