model,scenario_id,objective_score,coherence_cv,topic_diversity,runtime_seconds,num_topics,objective_norm,coherence_norm,diversity_norm,runtime_norm,composite_score,rank
BERTopic,bertopic_014,0.613155,0.4587,0.9,82.63,9,1.0,0.47350190509179074,0.853658536585366,0.8829424640400251,0.8069294020466118,1
BERTopic,bertopic_018,0.61036,0.4544,0.9,68.4,11,0.9954416093809885,0.4586075510910981,0.853658536585366,0.9051907442151345,0.8015222340766042,2
BERTopic,bertopic_009,0.610945,0.4553,0.9,105.41,9,0.9963956911384559,0.4617249740214755,0.853658536585366,0.8473264540337712,0.7999935832375097,3
BERTopic,bertopic_007,0.607925,0.4387,0.9222,99.77,9,0.9914703459973417,0.40422583997228945,0.8969756097560976,0.8561444652908068,0.7896317529062505,4
BERTopic,bertopic_011,0.5998,0.4724,0.8364,130.6,11,0.9782192104769594,0.520956009698649,0.7295609756097562,0.807942464040025,0.7827947659481789,5
BERTopic,bertopic_012,0.60578,0.4249,0.9417,124.82,12,0.9879720462199607,0.3564253550398337,0.9350243902439025,0.8169793621013133,0.7793688734647786,6
BERTopic,bertopic_019,0.598075,0.4404,0.8909,156.48,11,0.9754058924741705,0.41011430550744715,0.8359024390243903,0.767479674796748,0.7675214148103263,7
BERTopic,bertopic_004,0.59203,0.4409,0.8727,134.27,11,0.9655470476470059,0.4118462071354347,0.8003902439024391,0.8022045028142589,0.7582383075029838,8
BERTopic,bertopic_002,0.58476,0.4316,0.8692,149.48,13,0.9536903393106146,0.37963283685486654,0.793560975609756,0.7784240150093809,0.7406838996186568,9
BERTopic,bertopic_016,0.582305,0.4247,0.875,113.98,12,0.9496864577472254,0.35573259438863875,0.8048780487804879,0.833927454659162,0.7367506667918987,10
BERTopic,bertopic_020,0.580965,0.4361,0.85,136.79,10,0.9475010397044792,0.3952199515067543,0.7560975609756098,0.7982645403377111,0.7360741925310496,11
BERTopic,bertopic_017,0.579405,0.4008,0.9111,97.82,9,0.9449568216845659,0.2729476965708347,0.8753170731707318,0.8591932457786117,0.725137955652382,12
BERTopic,bertopic_015,0.566715,0.4362,0.8091,121.52,11,0.9242605866379626,0.3955663318323518,0.6762926829268293,0.8221388367729832,0.7109526419608038,13
BERTopic,bertopic_006,0.55899,0.3646,0.92,131.72,10,0.9116618147124299,0.14755801870453747,0.8926829268292684,0.8061913696060038,0.6733613760781086,14
BERTopic,bertopic_001,0.567275,0.3935,0.89,647.36,10,0.925173895670752,0.24766193280221685,0.8341463414634147,0.0,0.6574561011851865,15
BERTopic,bertopic_010,0.0,0.6107,0.95,20.08,2,0.0,1.0,0.9512195121951219,0.9807379612257661,0.5392808005003127,16
BERTopic,bertopic_003,0.0,0.6107,0.95,25.98,2,0.0,1.0,0.9512195121951219,0.9715134459036898,0.5388195747342088,17
BERTopic,bertopic_008,0.0,0.5635,0.9,19.52,2,0.0,0.836508486317977,0.853658536585366,0.9816135084427767,0.4707649286346052,18
BERTopic,bertopic_013,0.12472199999999997,0.4344,0.975,85.57,4,0.20341023069207617,0.3893314859715968,1.0,0.8783458411507192,0.4522513416604493,19
BERTopic,bertopic_005,0.12472199999999997,0.4344,0.975,86.23,4,0.20341023069207617,0.3893314859715968,1.0,0.8773139462163853,0.45219974691373255,20
LDA,lda_009,0.220312,0.3525,0.625,8.04,8,0.35930882077125686,0.10564599930723925,0.3170731707317073,0.9995622263914947,0.30677551460515357,21
LDA,lda_019,0.209642,0.3755,0.5583,11.63,12,0.341907021878644,0.1853134741946657,0.18692682926829268,0.9939493433395873,0.2965350351244274,22
LDA,lda_003,0.209642,0.3755,0.5583,11.74,12,0.341907021878644,0.1853134741946657,0.18692682926829268,0.9937773608505316,0.29652643599997464,23
LDA,lda_005,0.208602,0.3681,0.5667,12.01,12,0.34021087653203513,0.1596813301004502,0.20331707317073164,0.9933552220137586,0.2913304692043851,24
LDA,lda_001,0.203859,0.3755,0.5429,12.14,14,0.33247547520610615,0.1853134741946657,0.15687804878048786,0.9931519699812382,0.28624121435630695,25
LDA,lda_018,0.19965,0.363,0.55,12.44,10,0.3256109792793013,0.1420159334949774,0.17073170731707324,0.9926829268292683,0.2729102085290569,26
LDA,lda_006,0.195734,0.3754,0.5214,7.81,14,0.31922433968572383,0.18496709386906823,0.1149268292682926,0.9999218261413383,0.27212253818002163,27
LDA,lda_020,0.19701,0.3582,0.55,12.29,10,0.321305379553294,0.12538967786629723,0.17073170731707324,0.9929174484052533,0.26599653804254886,28
LDA,lda_013,0.190853,0.3601,0.53,8.37,10,0.3112638729195717,0.1319709040526497,0.13170731707317077,0.9990462789243277,0.25595379139045277,29
LDA,lda_007,0.192578,0.3473,0.5545,12.0,11,0.3140771909223606,0.087634222376169,0.17951219512195118,0.993370856785491,0.25319598449157776,30
LDA,lda_017,0.192578,0.3473,0.5545,12.06,11,0.3140771909223606,0.087634222376169,0.17951219512195118,0.993277048155097,0.2531912940600581,31
LDA,lda_012,0.192578,0.3473,0.5545,12.38,11,0.3140771909223606,0.087634222376169,0.17951219512195118,0.9927767354596623,0.25316627842528633,32
LDA,lda_004,0.186866,0.3685,0.5071,7.76,14,0.30476143878790846,0.16106685140284027,0.08702439024390239,1.0,0.25286758092419137,33
LDA,lda_002,0.190704,0.3288,0.58,11.56,10,0.3110208674804903,0.023553862140630318,0.22926829268292673,0.9940587867417136,0.24258214688208074,34
LDA,lda_011,0.17388,0.322,0.54,8.33,10,0.28358245468111654,0.0,0.151219512195122,0.9991088180112571,0.2078114479460897,35
LDA,lda_010,0.167456,0.3435,0.4875,8.56,8,0.27310549534783213,0.07447177000346386,0.04878048780487799,0.9987492182614134,0.20493256238160987,36
LDA,lda_016,0.167456,0.3435,0.4875,8.62,8,0.27310549534783213,0.07447177000346386,0.04878048780487799,0.9986554096310194,0.20492787195009018,37
LDA,lda_015,0.161135,0.3484,0.4625,8.46,8,0.2627965196402215,0.09144440595774152,0.0,0.9989055659787367,0.19563703392435897,38
LDA,lda_014,0.16525,0.3305,0.5,8.04,11,0.2695077101222366,0.02944232767578804,0.07317073170731704,0.9995622263914947,0.19472342551878105,39
LDA,lda_008,0.162099,0.3354,0.4833,11.78,12,0.26436871590380895,0.0464149636300657,0.04058536585365851,0.9937148217636023,0.19069322550464557,40
